{
    "model_layers_0": -0.138672,
    "model_layers_1": -0.06543,
    "model_layers_2": -0.082031,
    "model_layers_3": -0.042236,
    "model_layers_4": -0.073242,
    "model_layers_5": -0.11084,
    "model_layers_6": -0.154297,
    "model_layers_7": -0.188477,
    "model_layers_8": -0.246094,
    "model_layers_9": -0.245117
}