{
  "cosine": {
    "mu_nn": [
      0.994140625,
      0.966796875,
      0.93212890625,
      0.86083984375,
      0.75634765625,
      0.73974609375,
      0.7109375,
      0.71044921875,
      0.68798828125,
      0.5869140625,
      0.5302734375,
      0.486328125,
      0.43603515625,
      0.392578125,
      0.356201171875,
      0.325927734375
    ],
    "mu_nr": [
      0.9873046875,
      0.94482421875,
      0.912109375,
      0.81005859375,
      0.69970703125,
      0.66015625,
      0.6015625,
      0.5947265625,
      0.51904296875,
      0.35888671875,
      0.3447265625,
      0.326416015625,
      0.29150390625,
      0.313232421875,
      0.28759765625,
      0.2509765625
    ],
    "std_nn": [
      0.00293731689453125,
      0.016265869140625,
      0.029327392578125,
      0.04962158203125,
      0.08282470703125,
      0.09375,
      0.10198974609375,
      0.09552001953125,
      0.09619140625,
      0.10723876953125,
      0.1075439453125,
      0.10931396484375,
      0.11151123046875,
      0.10626220703125,
      0.09844970703125,
      0.0869140625
    ],
    "std_nr": [
      0.00875091552734375,
      0.0169830322265625,
      0.0251617431640625,
      0.04302978515625,
      0.061279296875,
      0.069580078125,
      0.07574462890625,
      0.0712890625,
      0.0714111328125,
      0.079345703125,
      0.06927490234375,
      0.06756591796875,
      0.06390380859375,
      0.0677490234375,
      0.059661865234375,
      0.055877685546875
    ],
    "angle_nn": [
      6.07421875,
      14.359375,
      20.734375,
      30.140625,
      40.3125,
      41.6875,
      44.0625,
      44.125,
      45.96875,
      53.625,
      57.625,
      60.59375,
      63.90625,
      66.6875,
      69.0,
      70.875
    ],
    "angle_nr": [
      8.65625,
      18.90625,
      23.984375,
      35.6875,
      45.375,
      48.46875,
      52.84375,
      53.34375,
      58.59375,
      68.875,
      69.75,
      70.875,
      73.0,
      71.6875,
      73.25,
      75.4375
    ],
    "delta_phi": [
      2.58203125,
      4.546875,
      3.25,
      5.546875,
      5.0625,
      6.78125,
      8.78125,
      9.21875,
      12.625,
      15.25,
      12.125,
      10.28125,
      9.09375,
      5.0,
      4.25,
      4.5625
    ],
    "smooth_delta_phi": [
      2.0757812500000004,
      3.1851562500000004,
      4.19765625,
      5.0375000000000005,
      5.884375,
      7.078125,
      8.49375,
      10.531250000000002,
      11.600000000000001,
      11.900000000000002,
      11.875000000000002,
      10.35,
      8.15,
      6.637499999999999,
      4.58125,
      2.7625
    ],
    "k_start": 3,
    "k_peak": 9,
    "k_end_rep": 14
  },
  "parameters": {
    "s_attn": [
      7.713213562965393e-06,
      7.890909910202026e-06,
      7.936730980873108e-06,
      8.095800876617431e-06,
      8.397921919822694e-06,
      8.837878704071045e-06,
      9.428709745407104e-06,
      1.0231882333755493e-05,
      1.0371208190917969e-05,
      8.967518806457519e-06,
      8.729472756385804e-06,
      8.401647210121155e-06,
      8.470937609672547e-06,
      8.447468280792236e-06,
      8.1673264503479e-06,
      8.383393287658692e-06
    ],
    "s_mlp": [
      8.03917646408081e-06,
      8.059044679005941e-06,
      8.168319861094156e-06,
      8.309880892435709e-06,
      8.52346420288086e-06,
      8.93572966257731e-06,
      9.42001740137736e-06,
      9.621183077494303e-06,
      9.236236413319906e-06,
      8.707245190938314e-06,
      8.518497149149576e-06,
      8.371969064076742e-06,
      8.352100849151611e-06,
      8.294979731241861e-06,
      8.215506871541342e-06,
      8.141001065572103e-06
    ],
    "s_total": [
      1.5752390027046204e-05,
      1.5949954589207965e-05,
      1.6105050841967263e-05,
      1.6405681769053142e-05,
      1.6921386122703553e-05,
      1.7773608366648356e-05,
      1.8848727146784462e-05,
      1.9853065411249796e-05,
      1.9607444604237877e-05,
      1.767476399739583e-05,
      1.7247969905535382e-05,
      1.6773616274197896e-05,
      1.6823038458824156e-05,
      1.6742448012034097e-05,
      1.6382833321889242e-05,
      1.6524394353230795e-05
    ],
    "s_zscore": [
      -1.2084521473582475,
      -1.0448434704704501,
      -0.9164039749123983,
      -0.6674431912886618,
      -0.24037415601837306,
      0.4653746494379205,
      1.3557102399436154,
      2.1874305282330684,
      1.984025146156348,
      0.3835188940622511,
      0.030078905084651913,
      -0.3627464536277271,
      -0.32181857593989377,
      -0.3885577533755826,
      -0.6863646221795194,
      -0.5691340177470299
    ]
  },
  "intervals": {
    "representational": [
      3,
      14
    ],
    "key": [
      6,
      8
    ]
  }
}