{
  "cosine": {
    "mu_nn": [
      0.9939228892326355,
      0.9685887694358826,
      0.9320126175880432,
      0.8497758507728577,
      0.7620657682418823,
      0.7636276483535767,
      0.7399675250053406,
      0.7511670589447021,
      0.7483096718788147,
      0.6916895508766174,
      0.6447624564170837,
      0.6080146431922913,
      0.5664402842521667,
      0.5049738883972168,
      0.4485075771808624,
      0.5253081917762756
    ],
    "mu_nr": [
      0.9755613803863525,
      0.9358452558517456,
      0.8881251811981201,
      0.823681116104126,
      0.7431257963180542,
      0.7309788465499878,
      0.7146300673484802,
      0.7235091328620911,
      0.744656503200531,
      0.689693033695221,
      0.639348030090332,
      0.6067641973495483,
      0.5689147710800171,
      0.5492109060287476,
      0.4755192697048187,
      0.541883647441864
    ],
    "std_nn": [
      0.002966066123917699,
      0.014806714840233326,
      0.029010267928242683,
      0.054676707834005356,
      0.08277566730976105,
      0.08942754566669464,
      0.10115078091621399,
      0.09060303866863251,
      0.0912800058722496,
      0.09392660856246948,
      0.09554224461317062,
      0.09887482970952988,
      0.10400600731372833,
      0.10730724036693573,
      0.0986756905913353,
      0.08341851085424423
    ],
    "std_nr": [
      0.014817332848906517,
      0.022975387051701546,
      0.03378725424408913,
      0.0504499226808548,
      0.07241190969944,
      0.08071412891149521,
      0.08605722337961197,
      0.07692978531122208,
      0.0818125531077385,
      0.07809173315763474,
      0.07613272964954376,
      0.08095363527536392,
      0.08176038414239883,
      0.0957408994436264,
      0.08226480334997177,
      0.06891001760959625
    ],
    "angle_nn": [
      6.139606475830078,
      13.993786811828613,
      20.789621353149414,
      31.341827392578125,
      39.792789459228516,
      39.554969787597656,
      41.54922866821289,
      40.64906311035156,
      40.86472702026367,
      45.69818115234375,
      49.40559005737305,
      52.14774703979492,
      55.13157272338867,
      59.371978759765625,
      63.15226745605469,
      58.12720489501953
    ],
    "angle_nr": [
      12.146001815795898,
      20.306644439697266,
      27.060495376586914,
      34.25087356567383,
      41.663299560546875,
      42.64096450805664,
      43.982749938964844,
      43.307044982910156,
      41.414852142333984,
      46.08865737915039,
      50.02210235595703,
      52.41292190551758,
      55.125972747802734,
      56.431434631347656,
      61.46860122680664,
      57.063907623291016
    ],
    "delta_phi": [
      6.00639533996582,
      6.312857627868652,
      6.2708740234375,
      2.909046173095703,
      1.8705101013183594,
      3.0859947204589844,
      2.433521270751953,
      2.6579818725585938,
      0.5501251220703125,
      0.3904762268066406,
      0.6165122985839844,
      0.26517486572265625,
      -0.0055999755859375,
      -2.9405441284179688,
      -1.6836662292480469,
      -1.0632972717285156
    ],
    "smooth_delta_phi": [
      3.7180253982543947,
      4.2998346328735355,
      4.673936653137208,
      4.08985652923584,
      3.3139892578125,
      2.591410827636719,
      2.1196266174316407,
      1.823619842529297,
      1.329723358154297,
      0.8960540771484375,
      0.36333770751953126,
      -0.33479614257812507,
      -0.7496246337890625,
      -1.0855865478515625,
      -1.138621520996094,
      -1.1375015258789063
    ],
    "k_start": 0,
    "k_peak": 2,
    "k_end_rep": 6
  },
  "parameters": {
    "s_attn": [
      7.915098467492499e-06,
      7.140596221688611e-06,
      7.242269521157141e-06,
      5.149128469383868e-06,
      6.228393431229051e-06,
      6.04513086273073e-06,
      5.96918371229549e-06,
      7.018119686108548e-06,
      5.92743801917095e-06,
      4.795147447111958e-06,
      4.167839028923481e-06,
      3.9894860037748e-06,
      4.576454784910311e-06,
      4.380227301226114e-06,
      3.866012025355303e-06,
      3.571787397049775e-06
    ],
    "s_mlp": [
      4.858812947835152e-06,
      5.0305191810669685e-06,
      5.424696610134561e-06,
      5.547184628085233e-06,
      5.453121502796421e-06,
      5.569604278813737e-06,
      6.188676100767528e-06,
      5.747800211490055e-06,
      4.888479452347383e-06,
      3.740651663974859e-06,
      3.4918359688163036e-06,
      3.2686799992613183e-06,
      3.0757981524705733e-06,
      3.196625736260709e-06,
      2.97277786861135e-06,
      3.242283355575637e-06
    ],
    "s_total": [
      1.277391141532765e-05,
      1.217111540275558e-05,
      1.2666966131291702e-05,
      1.0696313097469101e-05,
      1.1681514934025472e-05,
      1.1614735141544467e-05,
      1.2157859813063018e-05,
      1.2765919897598603e-05,
      1.0815917471518333e-05,
      8.535799111086817e-06,
      7.659674997739785e-06,
      7.258166003036118e-06,
      7.652252937380885e-06,
      7.576853037486822e-06,
      6.838789893966653e-06,
      6.814070752625412e-06
    ],
    "s_zscore": [
      1.2116566948509286,
      0.950238407404536,
      1.1652770698699106,
      0.3106517397274872,
      0.7379103338954678,
      0.708949526885613,
      0.9444897735644819,
      1.2081909637656965,
      0.36252131083104466,
      -0.6263117679010706,
      -1.0062659489587744,
      -1.1803908462717039,
      -1.0094847199325048,
      -1.0421838624165944,
      -1.3622642859467273,
      -1.3729843893677829
    ]
  },
  "intervals": {
    "representational": [
      0,
      6
    ],
    "key": [
      0,
      0
    ]
  }
}