{
  "cosine": {
    "mu_nn": [
      0.994140625,
      0.96875,
      0.93212890625,
      0.849609375,
      0.76220703125,
      0.763671875,
      0.73974609375,
      0.7509765625,
      0.74853515625,
      0.69189453125,
      0.64453125,
      0.60791015625,
      0.56640625,
      0.5048828125,
      0.448486328125,
      0.525390625
    ],
    "mu_nr": [
      0.9755859375,
      0.93603515625,
      0.88818359375,
      0.82373046875,
      0.7431640625,
      0.73095703125,
      0.71435546875,
      0.7236328125,
      0.74462890625,
      0.689453125,
      0.63916015625,
      0.60693359375,
      0.56884765625,
      0.548828125,
      0.475341796875,
      0.5419921875
    ],
    "std_nn": [
      0.003032684326171875,
      0.0148162841796875,
      0.029052734375,
      0.0546875,
      0.08282470703125,
      0.0894775390625,
      0.10113525390625,
      0.090576171875,
      0.09130859375,
      0.09393310546875,
      0.09552001953125,
      0.098876953125,
      0.10406494140625,
      0.10736083984375,
      0.09869384765625,
      0.08343505859375
    ],
    "std_nr": [
      0.01483154296875,
      0.0230255126953125,
      0.0338134765625,
      0.05047607421875,
      0.07244873046875,
      0.08074951171875,
      0.0860595703125,
      0.076904296875,
      0.08184814453125,
      0.078125,
      0.076171875,
      0.0809326171875,
      0.081787109375,
      0.0958251953125,
      0.08233642578125,
      0.0689697265625
    ],
    "angle_nn": [
      6.11328125,
      14.0,
      20.796875,
      31.359375,
      39.8125,
      39.5625,
      41.5625,
      40.65625,
      40.875,
      45.6875,
      49.40625,
      52.15625,
      55.125,
      59.375,
      63.15625,
      58.125
    ],
    "angle_nr": [
      12.1328125,
      20.3125,
      27.0625,
      34.25,
      41.65625,
      42.65625,
      44.0,
      43.3125,
      41.40625,
      46.09375,
      50.03125,
      52.40625,
      55.125,
      56.4375,
      61.46875,
      57.0625
    ],
    "delta_phi": [
      6.01953125,
      6.3125,
      6.265625,
      2.890625,
      1.84375,
      3.09375,
      2.4375,
      2.65625,
      0.53125,
      0.40625,
      0.625,
      0.25,
      0.0,
      -2.9375,
      -1.6875,
      -1.0625
    ],
    "smooth_delta_phi": [
      3.7195312500000006,
      4.297656250000001,
      4.6664062500000005,
      4.08125,
      3.3062500000000004,
      2.584375,
      2.1125000000000003,
      1.8250000000000002,
      1.33125,
      0.89375,
      0.3625,
      -0.33125000000000004,
      -0.75,
      -1.0875,
      -1.1375,
      -1.1375
    ],
    "k_start": 0,
    "k_peak": 2,
    "k_end_rep": 2
  },
  "parameters": {
    "s_attn": [
      7.914379239082336e-06,
      7.140636444091797e-06,
      7.2408467531204225e-06,
      5.148723721504211e-06,
      6.22868537902832e-06,
      6.045028567314148e-06,
      5.968660116195679e-06,
      7.0195645093917845e-06,
      5.927868187427521e-06,
      4.795752465724945e-06,
      4.167854785919189e-06,
      3.99034470319748e-06,
      4.577264189720154e-06,
      4.3800100684165955e-06,
      3.8655474781990055e-06,
      3.571808338165283e-06
    ],
    "s_mlp": [
      4.857778549194336e-06,
      5.030383666356404e-06,
      5.425264437993367e-06,
      5.54819901784261e-06,
      5.453824996948242e-06,
      5.5693089962005615e-06,
      6.18894894917806e-06,
      5.748122930526733e-06,
      4.888822635014852e-06,
      3.7401914596557617e-06,
      3.4918387730916343e-06,
      3.2683213551839194e-06,
      3.0758480230967202e-06,
      3.1962990760803223e-06,
      2.9727816581726074e-06,
      3.242244323094686e-06
    ],
    "s_total": [
      1.2772157788276672e-05,
      1.2171020110448201e-05,
      1.266611119111379e-05,
      1.0696922739346822e-05,
      1.1682510375976562e-05,
      1.1614337563514709e-05,
      1.2157609065373738e-05,
      1.2767687439918519e-05,
      1.0816690822442372e-05,
      8.535943925380706e-06,
      7.659693559010823e-06,
      7.258666058381399e-06,
      7.653112212816875e-06,
      7.576309144496918e-06,
      6.838329136371613e-06,
      6.814052661259969e-06
    ],
    "s_zscore": [
      1.210885274254906,
      0.9501809670404964,
      1.1648944710404658,
      0.3108872609999561,
      0.7383216932165991,
      0.7087561768644586,
      0.9443647998892558,
      1.2089465518711595,
      0.3628288648645079,
      -0.6262965246432509,
      -1.0063130385574177,
      -1.1802325923993788,
      -1.0091672687334892,
      -1.042475596354252,
      -1.3625263498711362,
      -1.3730546894828732
    ]
  },
  "intervals": {
    "representational": [
      0,
      2
    ],
    "key": [
      0,
      0
    ]
  }
}