{
    "model_layers_0": -0.146118,
    "model_layers_1": -0.091248,
    "model_layers_2": -0.111755,
    "model_layers_3": -0.096375,
    "model_layers_4": -0.097656,
    "model_layers_5": -0.106018,
    "model_layers_6": -0.058441,
    "model_layers_7": -0.109558,
    "model_layers_8": -0.085449,
    "model_layers_9": -0.108887
}